date,equity,day_return,n_universe,n_traded
2025-10-07,10000.0,0.0,21,0
2025-10-08,10004.436960239098,0.0004436960239099,21,1
2025-10-09,10004.436960239098,0.0,21,0
2025-10-10,10004.436960239098,0.0,21,0
2025-10-11,10004.436960239098,0.0,3,0
2025-10-12,10004.436960239098,0.0,3,0
2025-10-13,10004.436960239098,0.0,21,0
2025-10-14,10018.428868209608,0.0013985702569886,21,1
2025-10-15,10014.26813813846,-0.0004153076421345,21,1
2025-10-16,10014.26813813846,0.0,21,0
2025-10-17,10014.26813813846,0.0,21,0
2025-10-18,10014.26813813846,0.0,3,0
2025-10-19,10014.26813813846,0.0,3,0
2025-10-20,10026.101689859575,0.0011816691502446,21,5
2025-10-21,10026.101689859575,0.0,21,0
2025-10-22,10026.101689859575,0.0,21,0
2025-10-23,10026.101689859575,0.0,21,0
2025-10-24,10020.262688908446,-0.0005823799849381,21,3
2025-10-25,10020.262688908446,0.0,3,0
2025-10-26,10020.262688908446,0.0,3,0
2025-10-27,10020.262688908446,0.0,21,0
2025-10-28,10020.262688908446,0.0,21,0
2025-10-29,10020.262688908446,0.0,21,0
2025-10-30,10012.654645321136,-0.0007592658818946,21,1
2025-10-31,10012.654645321136,0.0,21,0
2025-11-01,10012.654645321136,0.0,3,0
2025-11-02,10035.216734920356,0.0022533574160338,3,1
2025-11-03,9979.439736523014,-0.0055581259349634,21,1
2025-11-04,9979.030614226043,-4.099651962158595e-05,21,1
2025-11-05,9979.030614226043,0.0,21,0
2025-11-06,9935.979131596692,-0.0043141948645771,21,3
2025-11-07,9943.760621829022,0.0007831629001298,21,1
2025-11-08,9906.894897192442,-0.0037074227788278,3,1
2025-11-09,9906.894897192442,0.0,3,0
2025-11-10,9912.19713440518,0.0005352067694026,21,5
2025-11-11,9924.208630587977,0.0012117894771385,21,2
2025-11-12,9924.208630587977,0.0,21,0
2025-11-13,9924.208630587977,0.0,21,0
2025-11-14,9924.208630587977,0.0,21,0
2025-11-15,9924.208630587977,0.0,3,0
2025-11-16,9924.208630587977,0.0,3,0
2025-11-17,9924.208630587977,0.0,21,0
2025-11-18,9924.208630587977,0.0,21,0
2025-11-19,9910.215925059138,-0.0014099568086176,21,2
2025-11-20,9889.146433481788,-0.0021260375895617,21,1
2025-11-21,9889.146433481788,0.0,21,0
2025-11-22,9889.146433481788,0.0,3,0
2025-11-23,9889.146433481788,0.0,3,0
2025-11-24,9924.547854051823,0.0035798257016577,21,2
2025-11-25,9927.50723295232,0.0002981877808456,21,1
2025-11-26,9927.50723295232,0.0,21,0
2025-11-27,9927.50723295232,0.0,3,0
2025-11-28,9927.50723295232,0.0,21,0
2025-11-29,9927.50723295232,0.0,3,0
2025-11-30,9927.50723295232,0.0,3,0
2025-12-01,9927.50723295232,0.0,21,0
2025-12-02,9926.254258127025,-0.0001262124313681,21,1
2025-12-03,9946.146735119117,0.0020040265416134,21,3
2025-12-04,9948.864445449666,0.0002732425333072,21,2
2025-12-05,9952.46392720934,0.0003617982513892,21,2
2025-12-06,9952.46392720934,0.0,3,0
2025-12-07,9952.46392720934,0.0,3,0
2025-12-08,9957.981378557462,0.0005543804417152,21,1
2025-12-09,9957.981378557462,0.0,21,0
2025-12-10,9957.981378557462,0.0,21,0
2025-12-11,9964.385029621186,0.0006430671860375,21,2
2025-12-12,9980.87464273291,0.0016548550726115,21,2
2025-12-13,9980.87464273291,0.0,3,0
2025-12-14,9980.87464273291,0.0,3,0
2025-12-15,9980.87464273291,0.0,21,0
2025-12-16,9980.87464273291,0.0,21,0
2025-12-17,9980.87464273291,0.0,21,0
2025-12-18,9980.87464273291,0.0,21,0
2025-12-19,9983.053908316864,0.0002183441493818,21,1
2025-12-20,9969.573475330237,-0.0013503315829436,3,1
2025-12-21,9969.573475330237,0.0,3,0
2025-12-22,9966.041212220727,-0.0003543043359126,21,2
2025-12-23,9966.041212220727,0.0,21,0
2025-12-24,9969.88556563642,0.0003857452857989,21,4
2025-12-25,9969.88556563642,0.0,3,0
2025-12-26,9969.88556563642,0.0,21,0
2025-12-27,9969.88556563642,0.0,3,0
2025-12-28,9969.88556563642,0.0,3,0
2025-12-29,9969.88556563642,0.0,21,0
2025-12-30,9968.245198639506,-0.0001645321790418,21,1
2025-12-31,9961.655254239637,-0.0006610937299949,21,2
2026-01-01,9961.655254239637,0.0,3,0
2026-01-02,9986.783162881333,0.002522463185122,21,2
2026-01-03,9986.783162881333,0.0,3,0
2026-01-04,9986.783162881333,0.0,3,0
2026-01-05,9982.798157598208,-0.0003990279170109,21,2
2026-01-06,9987.53779180418,0.0004747801298943,21,1
2026-01-07,9980.93969532658,-0.0006606329422867,21,1
2026-01-08,9980.93969532658,0.0,21,0
2026-01-09,9982.92080185545,0.000198488978928,21,2
2026-01-10,9982.92080185545,0.0,3,0
2026-01-11,9982.92080185545,0.0,3,0
2026-01-12,9984.366976121042,0.0001448648440969,21,1
2026-01-13,9996.86626690461,0.0012518861549722,21,1
2026-01-14,10005.13144743427,0.0008267771428555,21,2
2026-01-15,10005.13144743427,0.0,21,0
2026-01-16,10005.13144743427,0.0,21,0
2026-01-17,10005.13144743427,0.0,3,0
2026-01-18,10005.13144743427,0.0,3,0
2026-01-19,10005.13144743427,0.0,3,0
2026-01-20,10005.13144743427,0.0,21,0
2026-01-21,10005.13144743427,0.0,21,0
2026-01-22,10005.13144743427,0.0,21,0
2026-01-23,10005.13144743427,0.0,21,0
2026-01-24,10005.13144743427,0.0,3,0
2026-01-25,10005.13144743427,0.0,3,0
2026-01-26,10006.375104276509,0.0001243018993575,21,1
2026-01-27,10004.733542928832,-0.0001640515501936,21,1
2026-01-28,10016.566335379888,0.0011827193998004,21,2
2026-01-29,10016.566335379888,0.0,21,0
2026-01-30,10025.187481749115,0.0008606887910058,21,1
2026-01-31,9803.15725033652,-0.0221472398213801,3,1
2026-02-01,9803.15725033652,0.0,3,0
2026-02-02,9803.15725033652,0.0,21,0
2026-02-03,9734.026736845308,-0.0070518621425602,21,5
2026-02-04,9734.026736845308,0.0,21,0
2026-02-05,9734.026736845308,0.0,21,0
2026-02-06,9734.026736845308,0.0,21,0
2026-02-07,9734.026736845308,0.0,3,0
2026-02-08,9734.026736845308,0.0,3,0
2026-02-09,9750.297216407698,0.0016715055343749,21,2
2026-02-10,9731.146804670158,-0.0019640849209514,21,1
2026-02-11,9731.146804670158,0.0,21,0
2026-02-12,9731.146804670158,0.0,21,0
2026-02-13,9731.146804670158,0.0,21,0
2026-02-14,9915.218402663071,0.0189157148368756,3,2
2026-02-15,9915.218402663071,0.0,3,0
2026-02-16,9915.218402663071,0.0,3,0
2026-02-17,9915.218402663071,0.0,21,0
2026-02-18,9921.101721198233,0.0005933624753622,21,1
2026-02-19,9929.173898989868,0.0008136372369196,21,2
2026-02-20,9941.56529475883,0.0012479785221831,21,1
2026-02-21,9941.56529475883,0.0,3,0
2026-02-22,9941.56529475883,0.0,3,0
2026-02-23,9945.924967370593,0.0004385297971197,21,1
2026-02-24,9945.924967370593,0.0,21,0
2026-02-25,9951.484304167372,0.0005589562373554,21,1
2026-02-26,9942.68110973674,-0.0008846111958339,21,3
2026-02-27,9942.68110973674,0.0,21,0
2026-02-28,9942.68110973674,0.0,3,0
2026-03-01,9942.68110973674,0.0,3,0
2026-03-02,9939.88411106484,-0.0002813123181795,21,1
2026-03-03,9926.7595544894,-0.0013203933193577,21,5
2026-03-04,9928.89003425898,0.0002146198623917,21,1
2026-03-05,9903.556725273982,-0.0025514744243906,21,2
2026-03-06,9903.556725273982,0.0,21,0
2026-03-07,9903.556725273982,0.0,3,0
2026-03-08,9903.556725273982,0.0,3,0
2026-03-09,9914.117912685975,0.0010664034856329,21,2
2026-03-10,9930.236680157406,0.0016258397986981,21,9
2026-03-11,9930.236680157406,0.0,21,0
2026-03-12,9944.2397057044,0.0014101401606042,21,2
2026-03-13,9948.03360412904,0.000381517193563,21,1
2026-03-14,9948.03360412904,0.0,3,0
2026-03-15,9948.03360412904,0.0,3,0
2026-03-16,9967.921926775494,0.0019992214982264,21,1
2026-03-17,9967.921926775494,0.0,21,0
2026-03-18,9967.921926775494,0.0,21,0
2026-03-19,9992.369333428707,0.0024526081597353,21,1
2026-03-20,9992.369333428707,0.0,21,0
2026-03-21,9992.369333428707,0.0,3,0
2026-03-22,9992.369333428707,0.0,3,0
2026-03-23,9992.369333428707,0.0,21,0
2026-03-24,9989.562175604373,-0.0002809301508644,21,2
2026-03-25,9989.562175604373,0.0,21,0
2026-03-26,9961.780444656348,-0.0027810759330245,21,1
2026-03-27,9947.58870769499,-0.001424618524791,21,1
2026-03-28,9947.58870769499,0.0,3,0
2026-03-29,9947.58870769499,0.0,3,0
2026-03-30,9947.58870769499,0.0,21,0
2026-03-31,9969.454208407182,0.0021980704424659,21,2
2026-04-01,9972.584070924484,0.0003139452222633,21,1
2026-04-02,9972.584070924484,0.0,21,0
2026-04-03,9972.584070924484,0.0,3,0
2026-04-04,9972.584070924484,0.0,3,0
2026-04-05,9972.584070924484,0.0,3,0
2026-04-06,9974.395242941708,0.0001816151164376,21,2
2026-04-07,9974.395242941708,0.0,21,0
2026-04-08,9935.107095793272,-0.0039389001730442,21,3
2026-04-09,9941.774548097796,0.0006711001945161,21,2
2026-04-10,9938.939483491897,-0.0002851668575045,21,2
2026-04-11,9938.939483491897,0.0,3,0
2026-04-12,9938.939483491897,0.0,3,0
2026-04-13,9938.939483491897,0.0,21,0
2026-04-14,9963.400056567129,0.0024610848185422,21,7
2026-04-15,9964.234613083392,8.376222088081149e-05,21,1
2026-04-16,9957.713445771968,-0.0006544574234393,21,1
2026-04-17,9957.713445771968,0.0,21,0
2026-04-18,9957.713445771968,0.0,3,0
2026-04-19,9957.713445771968,0.0,3,0
2026-04-20,9957.713445771968,0.0,21,0
2026-04-21,9960.238747843468,0.0002536026051816,21,1
2026-04-22,9960.238747843468,0.0,21,0
2026-04-23,9957.28986474114,-0.0002960655037478,21,1
2026-04-24,9957.28986474114,0.0,21,0
2026-04-25,9957.28986474114,0.0,3,0
2026-04-26,9957.28986474114,0.0,3,0
2026-04-27,9958.224112126847,9.3825468415568e-05,21,4
2026-04-28,9952.108241445438,-0.0006141527457654,21,1
2026-04-29,9952.108241445438,0.0,21,0
2026-04-30,9952.108241445438,0.0,21,0
2026-05-01,9959.247329953569,0.0007173443390014,21,2
2026-05-02,9977.868198344728,0.0018697063918831,3,1
2026-05-03,9977.868198344728,0.0,3,0
2026-05-04,9977.868198344728,0.0,21,0
2026-05-05,9977.868198344728,0.0,21,0
2026-05-06,9977.868198344728,0.0,21,0
2026-05-07,9982.4186763912,0.0004560571412665,21,1
2026-05-08,9977.77156048626,-0.000465530053947,21,1
2026-05-09,10017.695172430918,0.0040012553607422,3,1
2026-05-10,10017.695172430918,0.0,3,0
2026-05-11,10011.146944138934,-0.0006536661556647,21,1
2026-05-12,10011.146944138934,0.0,21,0
2026-05-13,10011.146944138934,0.0,21,0
2026-05-14,10009.536876088228,-0.0001608275315197,21,2
2026-05-15,9984.894468434764,-0.0024618928886042,21,2
2026-05-16,9984.894468434764,0.0,3,0
2026-05-17,9984.894468434764,0.0,3,0
2026-05-18,9980.618278073414,-0.0004282659546246,21,1
2026-05-19,9980.618278073414,0.0,21,0
2026-05-20,9980.618278073414,0.0,21,0
2026-05-21,9986.292266679728,0.0005685007129046,21,2
2026-05-22,9988.551573642391,0.0002262408211507,21,1
2026-05-23,9988.551573642391,0.0,3,0
2026-05-24,9988.551573642391,0.0,3,0
2026-05-25,9988.551573642391,0.0,3,0
2026-05-26,9988.551573642391,0.0,21,0
2026-05-27,9988.551573642391,0.0,21,0
2026-05-28,9994.76216066789,0.0006217705319645,21,1
2026-05-29,9987.119499077064,-0.0007646666792033,21,3
2026-05-30,9987.119499077064,0.0,3,0
2026-05-31,9975.933760487216,-0.0011200164963363,3,1
2026-06-01,9973.68738715638,-0.0002251792548715,21,1
2026-06-02,9973.68738715638,0.0,21,0
2026-06-03,9978.977943337257,0.0005304513742519,21,2
2026-06-04,9978.977943337257,0.0,21,0
2026-06-05,9981.343464762494,0.0002370504713678,21,1
2026-06-06,9981.343464762494,0.0,3,0
2026-06-07,9981.343464762494,0.0,3,0
2026-06-08,9983.33272306591,0.0001992976507058,21,3
2026-06-09,9983.33272306591,0.0,21,0
2026-06-10,9967.729637354658,-0.0015629135223753,21,2
2026-06-11,9967.729637354658,0.0,21,0
2026-06-12,9967.911989942031,1.8294295091248567e-05,21,5
2026-06-13,9967.911989942031,0.0,3,0
2026-06-14,10115.75069850636,0.0148314620668304,3,2
2026-06-15,10118.862367498952,0.0003076063344514,21,1
2026-06-16,10118.862367498952,0.0,21,0
2026-06-17,10118.730530661467,-1.3028820108123813e-05,21,1
2026-06-18,10118.730530661467,0.0,21,0
2026-06-19,10118.730530661467,0.0,3,0
2026-06-20,10118.730530661467,0.0,3,0
2026-06-21,10118.730530661467,0.0,3,0
2026-06-22,10118.00525282821,-7.167676133473531e-05,21,1
2026-06-23,10119.000338450249,9.834800409471608e-05,21,1
2026-06-24,10119.000338450249,0.0,21,0
2026-06-25,10119.000338450249,0.0,21,0
2026-06-26,10117.005723754284,-0.0001971157850825,21,1
2026-06-27,10046.772966856572,-0.0069420497344196,3,1
2026-06-28,10046.772966856572,0.0,3,0
2026-06-29,10083.949929111406,0.0037003884110329,21,1
2026-06-30,10058.290624362971,-0.0025445688374907,21,2
2026-07-01,10059.345973207515,0.0001049232801035,21,1
2026-07-02,10059.345973207515,0.0,21,0
2026-07-03,10059.345973207515,0.0,3,0
2026-07-04,10059.345973207515,0.0,3,0
2026-07-05,10059.345973207515,0.0,3,0
2026-07-06,10059.345973207515,0.0,21,0
2026-07-07,10059.345973207515,0.0,21,0
2026-07-08,10059.345973207515,0.0,21,0
2026-07-09,10059.345973207515,0.0,21,0
2026-07-10,10049.26230625162,-0.0010024177498966,21,4
2026-07-11,10049.26230625162,0.0,3,0
2026-07-12,10049.26230625162,0.0,3,0
2026-07-13,10030.549698245171,-0.001862087727057,21,4
2026-07-14,10030.549698245171,0.0,21,0
2026-07-15,10052.500363446305,0.0021883810819434,21,4
2026-07-16,10052.500363446305,0.0,21,0
2026-07-17,10052.500363446305,0.0,21,0
2026-07-18,10052.500363446305,0.0,3,0
2026-07-19,10088.858845530896,0.0036168595642931,3,1
2026-07-20,10088.130234980374,-7.221932249017773e-05,21,1
2026-07-21,10095.291789678577,0.0007098991122627,21,2
2026-07-22,10095.291789678577,0.0,21,0
2026-07-23,10093.204475115035,-0.0002067611919524,21,1
2026-07-24,10095.81045072909,0.0002581911047657,21,1
2026-07-25,10095.81045072909,0.0,3,0
2026-07-26,10095.81045072909,0.0,3,0
2026-07-27,10095.81045072909,0.0,21,0
2026-07-28,10095.81045072909,0.0,21,0
2026-07-29,10095.81045072909,0.0,21,0
2026-07-30,10099.18435527432,0.0003341885786876,21,1
2026-07-31,10099.18435527432,0.0,21,0
2026-08-01,10099.18435527432,0.0,3,0
2026-08-02,10099.18435527432,0.0,3,0
2026-08-03,10092.438561102052,-0.0006679543550213,21,1
2026-08-04,10092.438561102052,0.0,21,0
2026-08-05,10090.694906773688,-0.000172768386729,21,2
2026-08-06,10090.694906773688,0.0,21,0
2026-08-07,10076.923431343565,-0.0013647697762499,21,2
2026-08-08,10074.710678737574,-0.0002195861287491,3,1
2026-08-09,10074.710678737574,0.0,3,0
2026-08-10,10074.710678737574,0.0,21,0
2026-08-11,10071.281841229147,-0.0003403410398336,21,1
2026-08-12,10065.508659300503,-0.0005732320889886,21,1
2026-08-13,10065.508659300503,0.0,21,0
2026-08-14,10062.186635709217,-0.0003300403093111,21,2
2026-08-15,10062.186635709217,0.0,3,0
2026-08-16,10062.186635709217,0.0,3,0
2026-08-17,10062.186635709217,0.0,21,0
2026-08-18,10067.865321846548,0.0005643590546392,21,1
2026-08-19,10059.791956448802,-0.0008018944572318,21,1
2026-08-20,10059.791956448802,0.0,21,0
2026-08-21,10059.791956448802,0.0,21,0
2026-08-22,10059.791956448802,0.0,3,0
2026-08-23,10059.791956448802,0.0,3,0
2026-08-24,10044.525157685926,-0.0015176058142125,21,2
2026-08-25,10044.525157685926,0.0,21,0
2026-08-26,10044.046846964133,-4.761904761904762e-05,21,1
2026-08-27,10086.077623221345,0.004184645581369,21,4
2026-08-28,10086.077623221345,0.0,21,0
2026-08-29,10086.077623221345,0.0,3,0
2026-08-30,10086.077623221345,0.0,3,0
2026-08-31,10086.077623221345,0.0,21,0
2026-09-01,10066.889219456096,-0.0019024644150141,21,3
2026-09-02,10078.0548637444,0.0011091454415455,21,1
2026-09-03,10096.968123672,0.0018766776112361,21,2
2026-09-04,10074.3294656527,-0.0022421243428731,21,2
2026-09-05,10074.3294656527,0.0,3,0
2026-09-06,10074.3294656527,0.0,3,0
2026-09-07,10074.3294656527,0.0,3,0
2026-09-08,10074.3294656527,0.0,21,0
2026-09-09,10074.3294656527,0.0,21,0
2026-09-10,10074.3294656527,0.0,21,0
2026-09-11,10078.818435804636,0.0004455850056563,21,1
2026-09-12,10078.818435804636,0.0,3,0
2026-09-13,10078.818435804636,0.0,3,0
2026-09-14,10078.818435804636,0.0,21,0
2026-09-15,10062.680785108869,-0.0016011450943932,21,1
2026-09-16,10063.04570475662,3.626465507002222e-05,21,1
2026-09-17,10063.04570475662,0.0,21,0
2026-09-18,10063.04570475662,0.0,21,0
2026-09-19,10063.04570475662,0.0,3,0
2026-09-20,10063.04570475662,0.0,3,0
2026-09-21,10063.04570475662,0.0,21,0
2026-09-22,10062.017055568786,-0.0001022204626723,21,1
2026-09-23,10054.716204181945,-0.000725585272468,21,1
2026-09-24,10054.716204181945,0.0,21,0
2026-09-25,10051.287114093751,-0.0003410429512436,21,1
2026-09-26,10051.287114093751,0.0,3,0
2026-09-27,10037.46764604864,-0.0013748953629762,3,1
2026-09-28,10037.46764604864,0.0,21,0
2026-09-29,10034.25446832795,-0.0003201183639137,21,1
2026-09-30,10034.25446832795,0.0,21,0
2026-10-01,10030.160928872489,-0.0004079565122034,21,1
2026-10-02,10030.160928872489,0.0,21,0
2026-10-03,10030.160928872489,0.0,3,0
2026-10-04,10030.160928872489,0.0,3,0
2026-10-05,10030.160928872489,0.0,21,0
