date,asset,group,asof,side,action,entry,exit,expected_return,traded,net_ret,weight,cost,actual_cc,hit,hit5
2026-10-08,AAPL,stock,2026-10-07,none,day,336.82000732421875,340.4200134277344,-1.0,0,0.0,1.0,0.0,0.011138503134924926,0,
2026-10-08,AMD,stock,2026-10-07,none,day,639.3599853515625,620.6799926757812,-1.0,0,0.0,1.0,0.0,-0.038986766864144706,1,
2026-10-08,AMZN,stock,2026-10-07,none,day,259.739990234375,254.0599975585937,-1.0,0,0.0,1.0,0.0,-0.022545458473400504,1,
2026-10-08,GLD,commodity,2026-10-07,long,day,377.8500061035156,378.6199951171875,1.0,1,0.0017378165971524088,3.000342999242543,0.0003,0.007289534422639132,1,
2026-10-08,GOOGL,stock,2026-10-07,none,day,353.1400146484375,348.2900085449219,-1.0,0,0.0,1.0,0.0,-0.006305253794802068,1,
2026-10-08,JNJ,stock,2026-10-07,none,day,256.2200012207031,256.4800109863281,-1.0,0,0.0,1.0,0.0,-0.007622368456787099,1,
2026-10-08,JPM,stock,2026-10-07,long,day,327.25,331.4200134277344,1.0,1,0.012242592598118829,2.9997427505680925,0.0005,0.005582944749180863,1,
2026-10-08,META,stock,2026-10-07,none,day,724.5399780273438,720.8900146484375,-1.0,0,0.0,1.0,0.0,-0.0005822502274719366,1,
2026-10-08,MSFT,stock,2026-10-07,none,day,529.8099975585938,522.6099853515625,-1.0,0,0.0,1.0,0.0,-0.013496723577201997,1,
2026-10-08,NVDA,stock,2026-10-07,none,day,234.9199981689453,230.47999572753903,-1.0,0,0.0,1.0,0.0,-0.029435320070881787,1,
2026-10-08,QQQ,etf,2026-10-07,long,day,753.969970703125,747.5800170898438,1.0,1,-0.008575077074120318,3.000943247916994,0.0001,-0.013395224737745237,0,
2026-10-08,SLV,commodity,2026-10-07,none,day,53.34000015258789,53.45000076293945,-1.0,0,0.0,1.0,0.0,-0.006874747937249626,1,
2026-10-08,SPY,etf,2026-10-07,none,day,774.8599853515625,773.9299926757812,-1.0,0,0.0,1.0,0.0,-0.004233007580038639,1,
2026-10-08,TSLA,stock,2026-10-07,long,day,374.1199951171875,375.0,1.0,1,0.0018521995463964274,2.9997427505680925,0.0005,-0.007437594496577438,0,
2026-10-08,USO,commodity,2026-10-07,none,day,148.3300018310547,147.5800018310547,-1.0,0,0.0,1.0,0.0,0.025502036519728044,0,
2026-10-08,V,stock,2026-10-07,long,day,371.3999938964844,375.1000061035156,1.0,1,0.009462337824007905,2.9997427505680925,0.0005,0.008062348698713695,1,
2026-10-08,WMT,stock,2026-10-07,long,day,108.5999984741211,110.55999755859376,1.0,1,0.01754787395959062,2.9997427505680925,0.0005,0.022189291930702515,1,
2026-10-08,XOM,stock,2026-10-07,long,day,167.11000061035156,168.5,1.0,1,0.007817870771178403,2.9997427505680925,0.0005,0.02712585715001925,1,
2026-10-09,AAPL,stock,2026-10-08,long,day,331.70001220703125,336.6400146484375,1.0,1,0.014392982392544995,1.999866608863841,0.0005,-0.011103926415005905,0,
2026-10-09,AMD,stock,2026-10-08,none,day,626.8900146484375,608.0999755859375,-1.0,0,0.0,1.0,0.0,-0.02026812083246099,1,
2026-10-09,AMZN,stock,2026-10-08,long,day,256.5,262.42999267578125,1.0,1,0.022618879827607186,1.999866608863841,0.0005,0.032944954725732334,1,
2026-10-09,GLD,commodity,2026-10-08,none,day,383.9800109863281,384.5799865722656,-1.0,0,0.0,1.0,0.0,0.015741354212509107,0,
2026-10-09,GOOGL,stock,2026-10-08,long,day,351.3999938964844,351.6600036621094,1.0,1,0.0002399253561215513,1.999866608863841,0.0005,0.009675830585168299,1,
2026-10-09,JNJ,stock,2026-10-08,long,day,255.08999633789065,261.44000244140625,1.0,1,0.02439319924213884,1.999866608863841,0.0005,0.019338705718249916,1,
2026-10-09,JPM,stock,2026-10-08,long,day,331.20001220703125,332.989990234375,1.0,1,0.004904522830225078,1.999866608863841,0.0005,0.004737121305388392,1,
2026-10-09,META,stock,2026-10-08,long,day,726.510009765625,718.6699829101562,1.0,1,-0.01129135421409816,1.999866608863841,0.0005,-0.003079570660115105,0,
2026-10-09,MSFT,stock,2026-10-08,none,day,528.239990234375,535.0700073242188,-1.0,0,0.0,1.0,0.0,0.023841913323325192,0,
2026-10-09,NVDA,stock,2026-10-08,none,day,233.83999633789065,229.27999877929688,-1.0,0,0.0,1.0,0.0,-0.005206512367610161,1,
2026-10-09,QQQ,etf,2026-10-08,none,day,752.5499877929688,751.27001953125,-1.0,0,0.0,1.0,0.0,0.004935929742705847,0,
2026-10-09,SLV,commodity,2026-10-08,long,day,54.900001525878906,54.77999877929688,1.0,1,-0.0024858423177903984,2.000266782272318,0.0003,0.024883030820826546,1,
2026-10-09,SPY,etf,2026-10-08,long,day,776.239990234375,778.5700073242188,1.0,1,0.002901671028492359,2.0006669556807952,0.0001,0.005995393242733904,1,
2026-10-09,TSLA,stock,2026-10-08,none,day,382.3800048828125,382.7000122070313,-1.0,0,0.0,1.0,0.0,0.020533365885416766,0,
2026-10-09,USO,commodity,2026-10-08,none,day,146.85000610351562,148.1999969482422,-1.0,0,0.0,1.0,0.0,0.0042010781236963,0,
2026-10-09,V,stock,2026-10-08,long,day,375.7900085449219,385.4500122070313,1.0,1,0.025205855510936626,1.999866608863841,0.0005,0.027592657784866637,1,
2026-10-09,WMT,stock,2026-10-08,none,day,110.0,111.3499984741211,-1.0,0,0.0,1.0,0.0,0.007145449827896888,0,
2026-10-09,XOM,stock,2026-10-08,none,day,167.8699951171875,168.94000244140625,-1.0,0,0.0,1.0,0.0,0.002611290453449655,0,
