date,equity,day_return,n_universe,n_traded,n_open
2025-10-08,10058.569935910635,0.005856993591063438,21,3,0
2025-10-09,10039.02377829992,-0.001943234250520339,21,3,0
2025-10-10,10036.815710461708,-0.00021994846182010538,21,3,0
2025-10-11,9673.549089908776,-0.036193413432338485,3,3,0
2025-10-12,9673.549089908776,0.0,3,0,0
2025-10-13,9681.637048658313,0.0008360901127771177,21,3,0
2025-10-14,9689.469531930612,0.0008090040179086987,21,3,0
2025-10-15,9696.577268365803,0.0007335526895221635,21,3,0
2025-10-16,9679.733588094052,-0.0017370748260524765,21,3,0
2025-10-17,9655.429310058307,-0.002510841627463639,21,3,0
2025-10-18,9786.918012835582,0.013618110449040306,3,2,0
2025-10-19,9786.918012835582,0.0,3,0,0
2025-10-20,9800.75949586739,0.0014142841509100074,21,3,0
2025-10-21,9771.907452109308,-0.0029438579500138244,21,3,0
2025-10-22,9734.199909814139,-0.0038587698952295838,21,3,0
2025-10-23,9772.064119573082,0.0038898122197765293,21,3,0
2025-10-24,9774.869072857071,0.00028703795325794775,21,3,0
2025-10-25,9774.869072857071,0.0,3,0,0
2025-10-26,9774.869072857071,0.0,3,0,0
2025-10-27,9783.812704290494,0.0009149617623276876,21,3,0
2025-10-28,9781.079838374746,-0.0002793252485864013,21,3,0
2025-10-29,9778.644969542693,-0.000248936607438878,21,3,0
2025-10-30,9747.570873903012,-0.0031777506736839637,21,3,0
2025-10-31,9742.900874969353,-0.00047909361153371434,21,3,0
2025-11-01,9742.900874969353,0.0,3,0,0
2025-11-02,9742.900874969353,0.0,3,0,0
2025-11-03,9745.238760325805,0.000239957830471026,21,3,0
2025-11-04,9743.346654049103,-0.00019415699535301777,21,3,0
2025-11-05,9790.574024116004,0.00484714048917411,21,3,0
2025-11-06,9748.469095994787,-0.004300557660613634,21,3,0
2025-11-07,9777.981150957934,0.0030273527743215002,21,3,0
2025-11-08,9777.981150957934,0.0,3,0,0
2025-11-09,9777.981150957934,0.0,3,0,0
2025-11-10,9783.905820968865,0.0006059195573669778,21,3,0
2025-11-11,9797.682141263493,0.0014080593728838572,21,3,0
2025-11-12,9776.617271841194,-0.002149984977935115,21,3,0
2025-11-13,9724.55169239673,-0.00532552088281339,21,3,0
2025-11-14,9739.078912163257,0.0014938703835454866,21,3,0
2025-11-15,9808.204698869531,0.007097774577012848,3,2,0
2025-11-16,9746.91439969342,-0.006248880509516199,3,1,0
2025-11-17,9708.134837360836,-0.00397865013914586,21,3,0
2025-11-18,9750.804166873719,0.0043952139342639425,21,3,0
2025-11-19,9730.53824482298,-0.002078384685397425,21,3,0
2025-11-20,9634.557251659788,-0.009863893522463415,21,3,0
2025-11-21,9595.956200603885,-0.004006520491562093,21,3,0
2025-11-22,9533.216008532485,-0.006538190750334218,3,3,0
2025-11-23,9637.41096966968,0.010929675887332997,3,2,0
2025-11-24,9656.362760110183,0.0019664815063036908,21,3,0
2025-11-25,9656.693369192399,3.423743395194733e-05,21,3,0
2025-11-26,9666.98225048955,0.0010654662940809676,21,3,0
2025-11-27,9666.98225048955,0.0,3,0,0
2025-11-28,9673.849782120687,0.0007104111141601767,21,3,0
2025-11-29,9673.849782120687,0.0,3,0,0
2025-11-30,9673.849782120687,0.0,3,0,0
2025-12-01,9695.80038158629,0.002269065569549352,21,3,0
2025-12-02,9739.14354449618,0.004470302729438009,21,3,0
2025-12-03,9741.26993608907,0.0002183345571581645,21,3,0
2025-12-04,9709.673652430642,-0.0032435487226743645,21,3,0
2025-12-05,9715.457098174267,0.0005956375003579843,21,3,0
2025-12-06,9715.457098174267,0.0,3,0,0
2025-12-07,9715.457098174267,0.0,3,0,0
2025-12-08,9700.052545108565,-0.0015855716215963235,21,3,0
2025-12-09,9726.316093190408,0.0027075676095266584,21,3,0
2025-12-10,9745.62038366198,0.0019847484172439457,21,3,0
2025-12-11,9750.636256574626,0.0005146796935631915,21,3,0
2025-12-12,9735.491802213543,-0.001553176014628932,21,3,0
2025-12-13,9750.025467876638,0.001492853772399106,3,1,0
2025-12-14,9750.025467876638,0.0,3,0,0
2025-12-15,9752.33479433451,0.00023685337699686326,21,3,0
2025-12-16,9756.239977763944,0.0004004357430081753,21,3,0
2025-12-17,9726.421683260596,-0.0030563305711327547,21,3,0
2025-12-18,9701.37364585226,-0.002575257193654724,21,3,0
2025-12-19,9757.92049292177,0.005828746436716005,21,3,0
2025-12-20,9757.92049292177,0.0,3,0,0
2025-12-21,9757.92049292177,0.0,3,0,0
2025-12-22,9760.646292984093,0.0002793423111306709,21,3,0
2025-12-23,9767.470291738884,0.0006991339046571173,21,3,0
2025-12-24,9770.108723856618,0.00027012440672219635,21,3,0
2025-12-25,9770.108723856618,0.0,3,0,0
2025-12-26,9791.163640586281,0.002155034025184597,21,3,0
2025-12-27,9791.163640586281,0.0,3,0,0
2025-12-28,9791.163640586281,0.0,3,0,0
2025-12-29,9788.55830458023,-0.00026609053853927906,21,3,0
2025-12-30,9788.388943338647,-1.7301959728331416e-05,21,3,0
2025-12-31,9770.712910876917,-0.0018058163160505857,21,3,0
2026-01-01,9770.712910876917,0.0,3,0,0
2026-01-02,9771.730294777219,0.00010412586160112212,21,3,0
2026-01-03,9771.730294777219,0.0,3,0,0
2026-01-04,9771.730294777219,0.0,3,0,0
2026-01-05,9777.759298657646,0.0006169842697817328,21,3,0
2026-01-06,9766.446620094615,-0.0011569806759901867,21,3,0
2026-01-07,9763.278758915472,-0.00032436169493054915,21,3,0
2026-01-08,9792.001157692657,0.002941880436524291,21,3,0
2026-01-09,9793.13366278779,0.0001156561439172691,21,3,0
2026-01-10,9793.13366278779,0.0,3,0,0
2026-01-11,9793.13366278779,0.0,3,0,0
2026-01-12,9816.441597063436,0.0023800281991670537,21,3,0
2026-01-13,9801.453133750478,-0.001526873375118187,21,3,0
2026-01-14,9805.536205162924,0.0004165781702701015,21,3,0
2026-01-15,9819.890679807395,0.001463915317238211,21,3,0
2026-01-16,9821.075553082203,0.00012066053619572112,21,3,0
2026-01-17,9821.075553082203,0.0,3,0,0
2026-01-18,9821.075553082203,0.0,3,0,0
2026-01-19,9821.075553082203,0.0,3,0,0
2026-01-20,9816.037410353298,-0.0005129929712559719,21,3,0
2026-01-21,9809.292728002063,-0.0006871084602958611,21,3,0
2026-01-22,9823.65708293499,0.0014643619403793269,21,3,0
2026-01-23,9838.571097176306,0.001518173335592501,21,3,0
2026-01-24,9838.571097176306,0.0,3,0,0
2026-01-25,9838.571097176306,0.0,3,0,0
2026-01-26,9843.412837910924,0.000492118284941544,21,3,0
2026-01-27,9871.042581904461,0.0028069272770031885,21,3,0
2026-01-28,9891.713110326187,0.0020940572639834413,21,3,0
2026-01-29,9856.995572424517,-0.00350975988834804,21,3,0
2026-01-30,9827.448987324506,-0.002997524436621391,21,3,0
2026-01-31,9507.461600841052,-0.03256057466145832,3,1,0
2026-02-01,9049.61208920399,-0.048156861511442696,3,3,0
2026-02-02,9069.476607927321,0.0021950685319460845,21,3,0
2026-02-03,9000.81017590936,-0.0075711570784515285,21,3,0
2026-02-04,8942.183883326003,-0.006513446171798157,21,3,0
2026-02-05,8792.100190312382,-0.016783785143747027,21,3,0
2026-02-06,8913.265864565696,0.01378119807902343,21,3,0
2026-02-07,8913.265864565696,0.0,3,0,0
2026-02-08,8910.196668516832,-0.0003443402334788995,3,3,0
2026-02-09,8916.525225615664,0.0007102600912494388,21,3,0
2026-02-10,8869.568874480066,-0.005266216373246025,21,3,0
2026-02-11,8843.953944451325,-0.002887956606599158,21,3,0
2026-02-12,8832.464730945614,-0.001299103724179758,21,3,0
2026-02-13,8875.535902901534,0.00487646124473224,21,3,0
2026-02-14,8922.562038596154,0.0052983995793703395,3,1,0
2026-02-15,8614.905622012006,-0.034480725967869386,3,3,0
2026-02-16,8656.702230874453,0.004851661840108085,3,3,0
2026-02-17,8643.58369152514,-0.0015154199601003346,21,3,0
2026-02-18,8639.974334652568,-0.0004175764360459192,21,3,0
2026-02-19,8640.692203541814,8.30869238078974e-05,21,3,0
2026-02-20,8634.920154196472,-0.0006680077486124123,21,3,0
2026-02-21,8634.920154196472,0.0,3,0,0
2026-02-22,8545.972245883479,-0.01030095319060544,3,1,0
2026-02-23,8561.190701185473,0.0017807751843945182,21,3,0
2026-02-24,8569.377940922219,0.0009563202155527424,21,3,0
2026-02-25,8601.58814656653,0.0037587565709401314,21,3,0
2026-02-26,8589.660869770449,-0.0013866365830177221,21,3,0
2026-02-27,8557.829792313856,-0.0037057432114246855,21,3,0
2026-02-28,8557.829792313856,0.0,3,0,0
2026-03-01,8557.829792313856,0.0,3,0,0
2026-03-02,8546.187305354726,-0.0013604485297881168,21,3,0
2026-03-03,8532.438011555896,-0.0016088219585609462,21,3,0
2026-03-04,8553.746296918522,0.0024973267117518825,21,3,0
2026-03-05,8566.718113416955,0.0015165070424297804,21,3,0
2026-03-06,8580.6327764969,0.0016242699824743402,21,3,0
2026-03-07,8580.6327764969,0.0,3,0,0
2026-03-08,8580.6327764969,0.0,3,0,0
2026-03-09,8541.468328155805,-0.004564284402004636,21,3,0
2026-03-10,8537.697374513727,-0.0004414877509579928,21,3,0
2026-03-11,8542.410160925305,0.0005519973600428863,21,3,0
2026-03-12,8538.82611573645,-0.00041955901453304004,21,3,0
2026-03-13,8542.103161879953,0.00038378181017936314,21,3,0
2026-03-14,8542.103161879953,0.0,3,0,0
2026-03-15,8542.103161879953,0.0,3,0,0
2026-03-16,8538.03123244977,-0.0004766893296670572,21,3,0
2026-03-17,8527.631082829677,-0.0012180969285478863,21,3,0
2026-03-18,8503.666221651576,-0.002810260076371609,21,3,0
2026-03-19,8483.34534949003,-0.0023896601338615395,21,3,0
2026-03-20,8457.752096480639,-0.0030168821325810427,21,3,0
2026-03-21,8457.752096480639,0.0,3,0,0
2026-03-22,8457.752096480639,0.0,3,0,0
2026-03-23,8463.667815404067,0.000699443404813019,21,3,0
2026-03-24,8463.352208911725,-3.728956514204596e-05,21,3,0
2026-03-25,8473.243830287012,0.0011687592730539895,21,3,0
2026-03-26,8459.660849991327,-0.0016030437182905863,21,3,0
2026-03-27,8462.031887021278,0.00028027566021791487,21,3,0
2026-03-28,8462.031887021278,0.0,3,0,0
2026-03-29,8462.031887021278,0.0,3,0,0
2026-03-30,8454.741532082726,-0.00086153716221919,21,3,0
2026-03-31,8450.529386064163,-0.0004981992651790125,21,3,0
2026-04-01,8430.972448900444,-0.0023142854453558365,21,3,0
2026-04-02,8446.762363692293,0.0018728462093250613,21,3,0
2026-04-03,8446.762363692293,0.0,3,0,0
2026-04-04,8446.762363692293,0.0,3,0,0
2026-04-05,8446.762363692293,0.0,3,0,0
2026-04-06,8456.153007831828,0.0011117448005758626,21,3,0
2026-04-07,8448.734054581411,-0.0008773437807411943,21,3,0
2026-04-08,8470.009958596498,0.0025182357353939594,21,3,0
2026-04-09,8477.942901063167,0.000936591870074167,21,3,0
2026-04-10,8487.707669609745,0.0011517851276579402,21,3,0
2026-04-11,8487.707669609745,0.0,3,0,0
2026-04-12,8487.707669609745,0.0,3,0,0
2026-04-13,8479.455215977194,-0.0009722829713019891,21,3,0
2026-04-14,8497.242548518769,0.002097697562935459,21,3,0
2026-04-15,8505.909853965906,0.0010200138924653288,21,3,0
2026-04-16,8528.052676758345,0.0026032280111827582,21,3,0
2026-04-17,8522.57080140138,-0.0006428050534801677,21,3,0
2026-04-18,8433.33051861604,-0.010471052088023366,3,1,0
2026-04-19,8433.33051861604,0.0,3,0,0
2026-04-20,8417.01634519853,-0.0019344876121595803,21,3,0
2026-04-21,8421.316608897667,0.0005109011938167802,21,3,0
2026-04-22,8442.146270308034,0.0024734447566499246,21,3,0
2026-04-23,8441.510840548528,-7.526874554893873e-05,21,3,0
2026-04-24,8459.681233202127,0.002152504805931018,21,3,0
2026-04-25,8459.681233202127,0.0,3,0,0
2026-04-26,8459.681233202127,0.0,3,0,0
2026-04-27,8462.941572482789,0.00038539741519644867,21,3,0
2026-04-28,8486.126340424951,0.0027395637490334945,21,3,0
2026-04-29,8518.927738027278,0.0038652968723870656,21,3,0
2026-04-30,8524.094930958096,0.0006065543798137582,21,3,0
2026-05-01,8519.907052057748,-0.0004912989512983933,21,3,0
2026-05-02,8519.907052057748,0.0,3,0,0
2026-05-03,8519.907052057748,0.0,3,0,0
2026-05-04,8500.564851851355,-0.002270236058704628,21,3,0
2026-05-05,8501.378841475273,9.57571218035292e-05,21,3,0
2026-05-06,8519.5431015951,0.002136625182636277,21,3,0
2026-05-07,8528.215898264594,0.0010179884726295913,21,3,0
2026-05-08,8568.572095721725,0.004732079714978082,21,3,0
2026-05-09,8568.572095721725,0.0,3,0,0
2026-05-10,8568.572095721725,0.0,3,0,0
2026-05-11,8559.922530403146,-0.0010094523593840918,21,3,0
2026-05-12,8551.570091185204,-0.0009757610759065682,21,3,0
2026-05-13,8562.304913393427,0.0012553042416491005,21,3,0
2026-05-14,8557.892845338823,-0.0005152897612536762,21,3,0
2026-05-15,8541.190068822636,-0.0019517393846880328,21,3,0
2026-05-16,8541.190068822636,0.0,3,0,0
2026-05-17,8541.190068822636,0.0,3,0,0
2026-05-18,8528.665647769092,-0.0014663555022924619,21,3,0
2026-05-19,8520.262690743539,-0.0009852604583873333,21,3,0
2026-05-20,8525.460238208187,0.0006100219738876701,21,3,0
2026-05-21,8515.672385791362,-0.001148073199961497,21,3,0
2026-05-22,8508.096159720773,-0.0008896803126469297,21,3,0
2026-05-23,8508.096159720773,0.0,3,0,0
2026-05-24,8508.096159720773,0.0,3,0,0
2026-05-25,8508.096159720773,0.0,3,0,0
2026-05-26,8514.767585600046,0.0007841267604444627,21,3,0
2026-05-27,8509.793206432414,-0.00058420610047475,21,3,0
2026-05-28,8519.37600548708,0.0011260907077532672,21,3,0
2026-05-29,8518.017969070343,-0.00015940562030160134,21,3,0
2026-05-30,8518.017969070343,0.0,3,0,0
2026-05-31,8518.017969070343,0.0,3,0,0
2026-06-01,8524.668003509632,0.0007807020909601964,21,3,0
2026-06-02,8528.330801459386,0.00042967045147639435,21,3,0
2026-06-03,8535.236749590551,0.0008097655088594539,21,3,0
2026-06-04,8554.149479194233,0.002215841242434196,21,3,0
2026-06-05,8475.446044186023,-0.009200614882828044,21,3,0
2026-06-06,8372.21596322614,-0.012179899491035982,3,3,0
2026-06-07,8474.02141008256,0.012159916478933275,3,1,0
2026-06-08,8470.498493881785,-0.00041573133112248405,21,3,0
2026-06-09,8448.33688111566,-0.0026163292257394767,21,3,0
2026-06-10,8418.805388965922,-0.003495539129807687,21,3,0
2026-06-11,8476.338455719178,0.0068338753653412795,21,3,0
2026-06-12,8462.284435314523,-0.001658029640755075,21,3,0
2026-06-13,8462.284435314523,0.0,3,0,0
2026-06-14,8462.284435314523,0.0,3,0,0
2026-06-15,8470.02733265837,0.0009149890201676855,21,3,0
2026-06-16,8437.159523588569,-0.0038804844162747655,21,3,0
2026-06-17,8420.942423718954,-0.001922104213423369,21,3,0
2026-06-18,8437.785784413374,0.0020001752591227015,21,3,0
2026-06-19,8437.785784413374,0.0,3,0,0
2026-06-20,8437.785784413374,0.0,3,0,0
2026-06-21,8437.785784413374,0.0,3,0,0
2026-06-22,8420.18765849105,-0.002085633171066276,21,3,0
2026-06-23,8426.388283453161,0.0007363998539698718,21,3,0
2026-06-24,8416.32264902991,-0.0011945372186346222,21,3,0
2026-06-25,8417.248259710572,0.00010997804139179946,21,3,0
2026-06-26,8442.823305501071,0.003038409347258423,21,3,0
2026-06-27,8442.823305501071,0.0,3,0,0
2026-06-28,8442.823305501071,0.0,3,0,0
2026-06-29,8456.043355362248,0.0015658328242592712,21,3,0
2026-06-30,8476.37410509052,0.0024042863634774897,21,3,0
2026-07-01,8462.531081615138,-0.0016331303106440133,21,3,0
2026-07-02,8460.455544546698,-0.0002452619728569731,21,3,0
2026-07-03,8460.455544546698,0.0,3,0,0
2026-07-04,8431.791894399934,-0.0033879558843896884,3,1,0
2026-07-05,8431.791894399934,0.0,3,0,0
2026-07-06,8446.782262610483,0.001777838969259409,21,3,0
2026-07-07,8456.292025828023,0.001125844483956392,21,3,0
2026-07-08,8450.871363328268,-0.0006410212044710151,21,3,0
2026-07-09,8455.287083526138,0.0005225165557521299,21,3,0
2026-07-10,8453.217960120417,-0.00024471356031809046,21,3,0
2026-07-11,8453.217960120417,0.0,3,0,0
2026-07-12,8453.217960120417,0.0,3,0,0
2026-07-13,8441.529750925389,-0.0013826934606642899,21,3,0
2026-07-14,8430.348531257383,-0.0013245489855414274,21,3,0
2026-07-15,8406.460205555315,-0.002833610688039361,21,3,0
2026-07-16,8386.459624052532,-0.002379191837435563,21,3,0
2026-07-17,8409.446058140367,0.002740898438467284,21,3,0
2026-07-18,8409.446058140367,0.0,3,0,0
2026-07-19,8409.446058140367,0.0,3,0,0
2026-07-20,8395.81099004361,-0.0016213990793792477,21,3,0
2026-07-21,8409.13656250671,0.0015871691822151243,21,3,0
2026-07-22,8403.54929244524,-0.000664428508199282,21,3,0
2026-07-23,8402.862586806663,-8.171614334363103e-05,21,3,0
2026-07-24,8389.62817686692,-0.0015749882618005559,21,3,0
2026-07-25,8389.62817686692,0.0,3,0,0
2026-07-26,8389.62817686692,0.0,3,0,0
2026-07-27,8381.697258020271,-0.0009453242360033654,21,3,0
2026-07-28,8372.896564188144,-0.0010499894664778842,21,3,0
2026-07-29,8342.158061672993,-0.003671191000569914,21,3,0
2026-07-30,8376.893071864355,0.004163791903074603,21,3,0
2026-07-31,8400.921310648951,0.002868395069444069,21,3,0
2026-08-01,8400.921310648951,0.0,3,0,0
2026-08-02,8400.921310648951,0.0,3,0,0
2026-08-03,8444.100701805533,0.005139839972295525,21,3,0
2026-08-04,8459.594468287954,0.0018348628266724163,21,3,0
2026-08-05,8445.766604842827,-0.0016345775789799657,21,3,0
2026-08-06,8455.743269253713,0.0011812621491535233,21,3,0
2026-08-07,8464.70450813342,0.0010597813337462835,21,3,0
2026-08-08,8464.70450813342,0.0,3,0,0
2026-08-09,8464.70450813342,0.0,3,0,0
2026-08-10,8484.924841065002,0.002388781901619025,21,3,0
2026-08-11,8460.868587931483,-0.002835175748062138,21,3,0
2026-08-12,8451.905498604323,-0.0010593580592830507,21,3,0
2026-08-13,8451.077933696663,-9.791459544802738e-05,21,3,0
2026-08-14,8468.418572445755,0.0020518848465414783,21,3,0
2026-08-15,8468.418572445755,0.0,3,0,0
2026-08-16,8468.418572445755,0.0,3,0,0
2026-08-17,8456.298980401873,-0.0014311517481335665,21,3,0
2026-08-18,8443.176809035096,-0.0015517629399324825,21,3,0
2026-08-19,8444.372688110363,0.0001416385209400287,21,3,0
2026-08-20,8464.425771240707,0.0023747273919564093,21,3,0
2026-08-21,8551.072385889947,0.01023656146216512,21,3,0
2026-08-22,8388.694977258756,-0.01898912806528561,3,3,0
2026-08-23,8444.781998778335,0.0066860246643402075,3,2,0
2026-08-24,8464.171111613521,0.0022959873727932643,21,3,0
2026-08-25,8444.863249282484,-0.0022811285448311506,21,3,0
2026-08-26,8478.014054216635,0.003925558526595281,21,3,0
2026-08-27,8509.724713972973,0.003740340550693671,21,3,0
2026-08-28,8464.544673752822,-0.005309224650471458,21,3,0
2026-08-29,8509.229134329013,0.0052790152688011105,3,2,0
2026-08-30,8347.809794206312,-0.018969913440394004,3,2,0
2026-08-31,8351.855549917556,0.000484648765482363,21,3,0
2026-09-01,8352.75837556447,0.00010809881008098568,21,3,0
2026-09-02,8355.216096385791,0.0002942406221770502,21,3,0
2026-09-03,8386.623920298563,0.0037590678146982356,21,3,0
2026-09-04,8374.607323385248,-0.0014328288745881464,21,3,0
2026-09-05,8395.757161329115,0.002525472195550975,3,1,0
2026-09-06,8426.804434443216,0.0036979717871195588,3,1,0
2026-09-07,8426.804434443216,0.0,3,0,0
2026-09-08,8412.498023759092,-0.0016977266762771876,21,3,0
2026-09-09,8411.110475652273,-0.0001649388924549059,21,3,0
2026-09-10,8409.88540250923,-0.0001456493939282452,21,3,0
2026-09-11,8416.548841860373,0.0007923341439533876,21,3,0
2026-09-12,8416.548841860373,0.0,3,0,0
2026-09-13,8416.548841860373,0.0,3,0,0
2026-09-14,8407.630827841507,-0.0010595808551019238,21,3,0
2026-09-15,8423.056535267633,0.0018347270166816307,21,3,0
2026-09-16,8406.945057194675,-0.001912782848541854,21,3,0
2026-09-17,8409.09717772402,0.00025599317168177875,21,3,0
2026-09-18,8390.1049531523,-0.0022585331302901047,21,3,0
2026-09-19,8343.796779255154,-0.005519379573404295,3,1,0
2026-09-20,8344.459980436126,7.948434010518624e-05,3,2,0
2026-09-21,8368.461004828021,0.0028762825213576298,21,3,0
2026-09-22,8365.516389945671,-0.00035187053875878526,21,3,0
2026-09-23,8345.960439560793,-0.00233768598055493,21,3,0
2026-09-24,8388.56423705417,0.005104720757054008,21,3,0
2026-09-25,8372.706205598632,-0.0018904345257904727,21,3,0
2026-09-26,8352.371849958792,-0.002428647935388346,3,1,0
2026-09-27,8359.926311380177,0.0009044690007931629,3,1,0
2026-09-28,8318.911044242173,-0.004906175677908908,21,3,0
2026-09-29,8323.280277565365,0.000525216978514982,21,3,0
2026-09-30,8316.333346852804,-0.0008346385656730097,21,3,0
2026-10-01,8315.71686552719,-7.412898207669009e-05,21,3,0
2026-10-02,8305.99899141446,-0.0011686153184236644,21,3,0
2026-10-03,8305.99899141446,0.0,3,0,0
2026-10-04,8305.99899141446,0.0,3,0,0
2026-10-05,8312.134930154065,0.0007387357915581782,21,3,0
2026-10-06,8309.204272206005,-0.00035257583914186227,21,3,0
2026-10-07,8306.057138694123,-0.0003787526950577237,21,3,0
