settle_date,asset,asof,entry,exit,expected_return,traded,gross_ret,net_ret,actual_cc,hit
2026-10-08,AAPL,2026-10-07,336.82000732421875,340.4200134277344,0.0009027834748849273,0,0.010688219301801416,0.0,0.011138503134924926,1
2026-10-08,AMD,2026-10-07,639.3599853515625,620.6799926757812,0.0022046025842428207,1,-0.02921670593055614,-0.030216705930556143,-0.038986766864144706,0
2026-10-08,AMZN,2026-10-07,259.739990234375,254.05999755859372,0.0008226687787100673,0,-0.02186799449193777,0.0,-0.022545458473400393,0
2026-10-08,GLD,2026-10-07,377.8500061035156,378.6199951171875,0.000963830214459449,0,0.0020378165971524087,0.0,0.007289534422639132,1
2026-10-08,GOOGL,2026-10-07,353.1400146484375,348.2900085449219,0.0008226687787100673,0,-0.013733946600030467,0.0,-0.006305253794802068,0
2026-10-08,JNJ,2026-10-07,256.2200012207031,256.4800109863281,0.0010237873066216707,1,0.0010147910560700524,1.4791056070052357e-05,-0.007622368456787099,0
2026-10-08,JPM,2026-10-07,327.25,331.4200134277344,0.0011199330911040306,1,0.01274259259811883,0.011742592598118828,0.005582944749180863,1
2026-10-08,META,2026-10-07,724.5399780273438,720.8900146484375,0.0012023026356473565,1,-0.00503762868799007,-0.00603762868799007,-0.0005822502274719366,0
2026-10-08,MSFT,2026-10-07,529.8099975585938,522.6099853515625,0.0009537178557366133,0,-0.013589800570411037,0.0,-0.013496723577201997,0
2026-10-08,NVDA,2026-10-07,234.9199981689453,230.47999572753903,0.0009537178557366133,0,-0.01890006162103408,0.0,-0.029435320070881787,0
2026-10-08,QQQ,2026-10-07,753.969970703125,747.5800170898438,0.0009027834748849273,0,-0.008475077074120319,0.0,-0.013395224737745237,0
2026-10-08,SLV,2026-10-07,53.34000015258789,53.45000076293945,0.000762711395509541,0,0.0020622536564844918,0.0,-0.006874747937249626,0
2026-10-08,SPY,2026-10-07,774.8599853515625,773.9299926757812,0.0008226687787100673,0,-0.0012002073837369398,0.0,-0.004233007580038639,0
2026-10-08,TSLA,2026-10-07,374.1199951171875,375.0,0.0006645455723628402,0,0.0023521995463964274,0.0,-0.007437594496577438,0
2026-10-08,USO,2026-10-07,148.3300018310547,147.5800018310547,0.0007493466837331653,0,-0.005056293337434403,0.0,0.025502036519728044,1
2026-10-08,V,2026-10-07,371.3999938964844,375.1000061035156,0.0008226687787100673,0,0.009962337824007905,0.0,0.008062348698713695,1
2026-10-08,WMT,2026-10-07,108.5999984741211,110.55999755859376,0.0008226687787100673,0,0.01804787395959062,0.0,0.022189291930702515,1
2026-10-08,XOM,2026-10-07,167.11000061035156,168.5,0.0008226687787100673,0,0.008317870771178404,0.0,0.02712585715001925,1
